Kernel,Accuracy,Precision,Recall,F1_Score
linear,0.9473684210526315,0.9714285714285714,0.9444444444444444,0.9577464788732394
poly,0.9122807017543859,0.8780487804878049,1.0,0.935064935064935
rbf,0.9385964912280702,0.9710144927536232,0.9305555555555556,0.950354609929078
sigmoid,0.9122807017543859,0.9558823529411765,0.9027777777777778,0.9285714285714286
